<?xml version="1.0"?>
<!-- 
/**
*
* @category : RLTSquare
* @Package  : RLTSquare_ColorSwatch
* @Author   : RLTSquare <support@rltsquare.com>
* @copyright Copyright 2021 © rltsquare.com All right reserved
* @license https://rltsquare.com/
*/ 
-->
<config xmlns:xsi="http://www.w3.org/2001/XMLSchema-instance" xsi:noNamespaceSchemaLocation="urn:magento:framework:ObjectManager/etc/config.xsd">
    <type name="Magento\Framework\View\Element\UiComponent\DataProvider\CollectionFactory">
        <arguments>
            <argument name="collections" xsi:type="array">
                <item name="colorswatch_listing_data_source" xsi:type="string">RLTSquare\ColorSwatch\Model\ResourceModel\ColorSwatch\Grid\Collection</item>
            </argument>
        </arguments>
    </type>
    <type name="RLTSquare\ColorSwatch\Model\ResourceModel\ColorSwatch\Grid\Collection">
        <arguments>
            <argument name="mainTable" xsi:type="string">rlt_square_colorswatch</argument>
            <argument name="eventPrefix" xsi:type="string">colorswatch_grid_collection</argument>
            <argument name="eventObject" xsi:type="string">colorswatch_grid_collection</argument>
            <argument name="resourceModel" xsi:type="string">RLTSquare\ColorSwatch\Model\ResourceModel\ColorSwatch</argument>
        </arguments>
    </type>
    <virtualType name="ColorSwatchGridFilterPool" type="Magento\Framework\View\Element\UiComponent\DataProvider\FilterPool">
        <arguments>
            <argument name="appliers" xsi:type="array">
                <item name="regular" xsi:type="object">Magento\Framework\View\Element\UiComponent\DataProvider\RegularFilter</item>
                <item name="fulltext" xsi:type="object">Magento\Framework\View\Element\UiComponent\DataProvider\FulltextFilter</item>
            </argument>
        </arguments>
    </virtualType>
    <virtualType name="ColorSwatchGridDataProvider" type="Magento\Framework\View\Element\UiComponent\DataProvider\DataProvider">
        <arguments>
            <argument name="collection" xsi:type="object" shared="false">RLTSquare\ColorSwatch\Model\ResourceModel\ColorSwatch\Collection</argument>
            <argument name="filterPool" xsi:type="object" shared="false">ColorSwatchGridFilterPool</argument>
        </arguments>
    </virtualType>
</config>
